{"labels": [7, 0, 7, 0, 0, 0, 7, 10, 9, 10, 0, 7, 0, 7, 10, 0, 10, 9, 26, 7, 10, 0, 0, 0, 0, 7, 0, 9, 9, 0, 7, 0, 7, 10, 0, 0, 0, 0, 10, 0, 0, 0], "scores": [0.8479044437408447, 0.7879644632339478, 0.7798812389373779, 0.7666274905204773, 0.7276419401168823, 0.7057394981384277, 0.5638442039489746, 0.4877253472805023, 0.3519684970378876, 0.29737305641174316, 0.26634693145751953, 0.23625542223453522, 0.22852393984794617, 0.21596042811870575, 0.21331696212291718, 0.20449158549308777, 0.1987966001033783, 0.1788228154182434, 0.175237774848938, 0.1688823252916336, 0.16568654775619507, 0.1382806897163391, 0.1382216215133667, 0.13207471370697021, 0.11997237801551819, 0.08049087971448898, 0.07272952795028687, 0.0690198764204979, 0.059625111520290375, 0.04925898090004921, 0.03655566647648811, 0.03256228566169739, 0.031160805374383926, 0.03023066185414791, 0.02872089110314846, 0.020396249368786812, 0.01899898424744606, 0.018372058868408203, 0.017085213214159012, 0.016939539462327957, 0.013185281306505203, 0.011615185998380184], "bboxes": [[86.2584228515625, 434.7591247558594, 365.4952087402344, 577.2967529296875], [550.7099609375, 963.3001098632812, 750.0933837890625, 1060.9285888671875], [496.7297058105469, 411.2782287597656, 725.5097045898438, 677.3285522460938], [240.6393585205078, 870.3329467773438, 403.0327453613281, 956.6748657226562], [203.7543182373047, 827.1489868164062, 364.184326171875, 904.812255859375], [1347.9969482421875, 965.3632202148438, 1547.917724609375, 1069.8997802734375], [3.8536033630371094, 499.7889709472656, 198.167724609375, 748.32470703125], [1503.7427978515625, 656.655029296875, 1916.98291015625, 902.8599243164062], [458.4404296875, 294.9911804199219, 666.159912109375, 424.08648681640625], [457.6438293457031, 293.5296325683594, 659.6055908203125, 422.30987548828125], [910.8113403320312, 968.4774169921875, 1166.9046630859375, 1079.0419921875], [458.64788818359375, 294.8121643066406, 665.6636352539062, 425.7933654785156], [1104.7894287109375, 934.6630249023438, 1346.8760986328125, 1045.245361328125], [1266.7811279296875, 427.9453430175781, 1404.3243408203125, 547.0519409179688], [1396.0045166015625, 587.10791015625, 1919.232421875, 906.9140625], [1089.1019287109375, 788.0718994140625, 1191.92333984375, 845.9237060546875], [4.938961029052734, 500.77581787109375, 201.56689453125, 742.3843994140625], [289.4197692871094, 327.2705383300781, 503.5386657714844, 438.48846435546875], [3.3038978576660156, 495.2606506347656, 202.5497589111328, 744.9899291992188], [285.5567321777344, 327.8315734863281, 507.7912902832031, 437.7041931152344], [290.9251403808594, 326.271240234375, 508.1860046386719, 438.5364990234375], [287.5034484863281, 692.712646484375, 423.83782958984375, 765.283203125], [1159.793701171875, 1020.1705322265625, 1321.2513427734375, 1080.441162109375], [293.0351867675781, 701.757080078125, 393.782958984375, 765.5557250976562], [293.5804138183594, 678.7329711914062, 499.4757385253906, 764.9198608398438], [441.9637145996094, 928.148681640625, 604.0396118164062, 1018.5894165039062], [1103.2080078125, 947.8258666992188, 1266.1484375, 1024.75830078125], [1154.59716796875, 1018.9759521484375, 1319.520751953125, 1080.1893310546875], [907.2061157226562, 968.0449829101562, 1167.1810302734375, 1079.35693359375], [0.29463958740234375, 729.63916015625, 70.59196472167969, 789.838134765625], [1265.3984375, 429.31622314453125, 1433.196533203125, 596.5200805664062], [876.9385986328125, 649.94775390625, 1083.3714599609375, 787.056396484375], [1256.3770751953125, 425.9539794921875, 1634.015380859375, 864.3427734375], [1029.285400390625, 5.972465515136719, 1271.1842041015625, 234.3343505859375], [357.7525634765625, 607.8020629882812, 448.2776184082031, 657.2546997070312], [641.7462158203125, 632.8818359375, 835.201171875, 729.8927612304688], [1357.5966796875, 651.9464111328125, 1480.779052734375, 724.6656494140625], [915.6956787109375, 652.963134765625, 1081.0567626953125, 754.0999755859375], [1349.336181640625, 471.6273193359375, 1889.0750732421875, 901.6343994140625], [1.005439281463623, 726.5562744140625, 39.06053924560547, 786.5238647460938], [878.9072265625, 702.6914672851562, 1084.041015625, 785.7977294921875], [976.858154296875, 665.649169921875, 1068.639892578125, 733.3425903320312]]}